Category,Question,Answer
General Information,What is Kathmandu Durbar Square?,"Kathmandu Durbar Square is a historic site in the heart of Kathmandu, known for its palaces, temples, and courtyards."
General Information,Where is Kathmandu Durbar Square located?,"It is located in central Kathmandu, near the Thamel area."
General Information,Why is Kathmandu Durbar Square important?,"It was the royal palace of the Malla kings and later the Shah dynasty, serving as the center of administration and culture."
Historical and Cultural Significance,What is the historical significance of Kathmandu Durbar Square?,"It was the royal palace of the Malla kings and later the Shah dynasty, serving as the center of administration and culture."
Historical and Cultural Significance,Which festivals are celebrated at Kathmandu Durbar Square?,"Major festivals include Indra Jatra, Dashain, and Kumari Jatra."
Historical and Cultural Significance,"What are some of the key landmarks in Kathmandu Durbar Square, and their founding dates?","The First Royal Palace: 11th century by Shankaradev
Kasthamandap Temple: 12th century by Laxmi Nar Singh Malla, renovated in the 16th century
Taleju Temple: 1564 by Ratna Malla
Hanuman Dhoka Palace: 17th century, constructed by multiple kings of the Lichhavi and Shah dynasties
Nautale Durbar (Basantapur Durbar): 1770 by Prithvi Narayan Shah
Kumari Ghar: 1757 by Jaya Prakash Malla"
Historical and Cultural Significance,What can you tell me about the Hanuman Dhoka Palace?,"The Hanuman Dhoka Palace, built in the 17th century, is now open to the public as a museum. It is named after the deity Hanuman, whose statue is located at the palace entrance"
Historical and Cultural Significance,"What is the significance of the Old Royal Palace, also known as Basantapur Durbar?","The Old Royal Palace, or Basantapur Durbar, is a complex of courtyards and temples from the old royal lands and structures. It was constructed over time by various kings of the Lichhavi and Shah dynasties."
Historical and Cultural Significance,"What is the Temple of the Living Goddess, and what is its historical background?","What is the Temple of the Living Goddess, and what is its historical background?"
Historical and Cultural Significance,What is known about the establishment of Kathmandu Durbar Square?,"The exact date of its establishment is unknown, but Shankaradev is credited with constructing the palace in the 11th century. The square grew around the palace and the Taleju Bhawani Temple, which was built by Ratna Malla in the 16th century"
Historical and Cultural Significance,Who built Kathmandu Durbar Square?,The square was developed over centuries by various Malla kings.
Architecture,What are the main architectural highlights of Kathmandu Durbar Square?,"Key highlights include the Hanuman Dhoka Palace, Taleju Temple, and the statue of Kal Bhairav."
Architecture,Can you tell me about the Hanuman Dhoka Palace?,The Hanuman Dhoka Palace is an ancient palace complex that served as the royal residence and administrative center.
Architecture,What is the Taleju Temple?,"The Taleju Temple is a three-story temple dedicated to the goddess Taleju, built in 1564."
Architecture,What is the significance of the Kal Bhairav statue?,"The statue of Kal Bhairav is a massive stone image of the fearsome aspect of Lord Shiva, believed to be a protector."
Points of Interest,What museums can be found in Kathmandu Durbar Square?,"The square houses the Tribhuvan Museum, Mahendra Museum, and Numismatic Museum."
Points of Interest,What is Kumari Ghar?,"Kumari Ghar is the residence of the living goddess Kumari, a young girl worshipped as the incarnation of the Hindu goddess Taleju."
Points of Interest,What is the significance of Basantapur Tower?,Basantapur Tower is a nine-story tower that offers a panoramic view of the city.
Visitor Information,What are the opening hours of Kathmandu Durbar Square?,"The square is open from early morning until evening, though specific timings can vary."
Visitor Information,How much is the entry fee for Kathmandu Durbar Square?,"Entry fees vary for locals and foreigners, with discounts for SAARC nationals."
Visitor Information,Are guided tours available at Kathmandu Durbar Square?,"Yes, guided tours are available at Kathmandu Durbar Square, often led by knowledgeable local guides."
Visitor Information,Is Kathmandu Durbar Square accessible for disabled visitors?,"The square has some areas that are accessible for disabled visitors, but certain historical structures may have limited accessibility."
FAQs,How can I get to Kathmandu Durbar Square?,"You can reach the square by taxi, rickshaw, or on foot from central Kathmandu areas like Thamel."
FAQs,What other attractions are near Kathmandu Durbar Square?,"Nearby attractions include Swayambhunath (Monkey Temple), Garden of Dreams, and Thamel."
FAQs,Is Kathmandu Durbar Square safe for tourists?,"Kathmandu Durbar Square is generally safe for tourists, but it's always good to be cautious and aware of your surroundings."
FAQs,What is the best time to visit Kathmandu Durbar Square?,The best time to visit is during the autumn (September to November) and spring (March to May) seasons when the weather is pleasant.
FAQs,Are there any photography restrictions at Kathmandu Durbar Square?,"Photography is generally allowed, but it's advisable to ask for permission before taking photos of people or specific rituals."
Trivia and Fun Facts,What is a fun fact about Kathmandu Durbar Square?,"The square has a unique tradition of the living goddess Kumari, who is chosen from the Newar community and worshipped until she reaches puberty."
Trivia and Fun Facts,Are there any legends associated with Kathmandu Durbar Square?,"One popular legend is about the construction of the Kasthamandap temple, believed to be built from the wood of a single tree."
Trivia and Fun Facts,What are some lesser-known facts about Kathmandu Durbar Square?,"The square was the site of the coronation of many kings of Nepal, including King Birendra and King Gyanendra."
Trivia and Fun Facts,What unique traditions are associated with Kathmandu Durbar Square?,"During Indra Jatra, the living goddess Kumari is taken around the city in a chariot procession, attracting large crowds of devotees."
Cultural Significance,What are the major festivals celebrated in Kathmandu?,"Major festivals include Indra Jatra, Dashain, and others"
Cultural Significance,What is daily life like in the area?,Daily life includes vibrant local markets and the daily activities of locals and tourists.
Entry Fee and Opening Hours,What is the entry fee for different visitors?," There are different entry fees for foreigners, SAARC nationals, and locals. There are also separate rates for cameras and videos.For SAARC nationals entry fee is NRs150 and for others it is NRs1000"
Entry Fee and Opening Hours,What are the opening hours?,The opening hours are from 7 AM to 7 PM
Tips for Visitors,What safety tips should visitors keep in mind?,"Visitors should be mindful of their belongings, especially during crowded festivals."
Tips for Visitors,What cultural etiquette should visitors follow?,"Visitors should respect local customs and traditions, and dress modestly when visiting temples."
How to Reach Kathmandu Durbar Square,How accessible is Kathmandu Durbar Square from various parts of the city?,The square is easily accessible from many parts of the city and can be reached by various transportation options
How to Reach Kathmandu Durbar Square,Can you walk to Kathmandu Durbar Square from Thamel?,"Yes, if you are staying in the Thamel area, you can easily walk to the square. It is within walking distance (10-20 minutes) from many popular tourist areas, such as Thamel, Asan Tole, and New Road."
How to Reach Kathmandu Durbar Square,How can you reach Kathmandu Durbar Square by car or taxi?,"You can hire a car or taxi from your hotel, guesthouse, or one of the many car rental agencies in the city. Vehicles are not allowed inside the square area, so you'll be dropped at one of the many entrances."
How to Reach Kathmandu Durbar Square,What public transportation options are available to reach Kathmandu Durbar Square?,"Public transportation is readily available in the city and is a cheap and convenient way to get around. Several bus stops and pickup points are located near the square, such as RNAC, Ratnapark, Lainchaur, and Sahid Gate. You can take a bus or microbus to get there."
How to Reach Kathmandu Durbar Square,Is it possible to reach Kathmandu Durbar Square by bicycle?,"Yes, you can rent a bike or bring your own and ride to the square. Unlike vehicles, bicycles are allowed inside the square. You can also join a guided bike tour to visit the square and other popular attractions in the city."
Guide and Tips,What type of footwear is recommended for visiting Kathmandu Durbar Square?,"Wear comfortable shoes, as the square is a large area with many landmarks and attractions to explore, ensuring you can walk around comfortably."
Guide and Tips,How should visitors respect the local culture at Kathmandu Durbar Square?,"Visitors should dress modestly, remove their shoes before entering temples or other religious sites, and behave respectfully towards others."
Guide and Tips,Why is it beneficial to hire a guide when visiting Kathmandu Durbar Square?,"Hiring a local guide can provide valuable insights and information about the various landmarks and attractions in the square, helping you understand the cultural and historical significance of the area."
Guide and Tips,Why is it important to bring cash when visiting Kathmandu Durbar Square?,"Some smaller vendors and shops in the square may not accept credit cards, so it's a good idea to have some cash on hand."
Guide and Tips,What should visitors be mindful of regarding their surroundings at Kathmandu Durbar Square?,"The square can get crowded, especially during festivals and events. Visitors should keep an eye on their belongings and be aware of their surroundings to ensure a safe and enjoyable visit."
Guide and Tips,What food options are available at Kathmandu Durbar Square?,Kathmandu Durbar Square has a variety of local food stalls and restaurants where visitors can try delicious Nepali cuisine. It is recommended to try some of the local dishes and snacks while there.
Guide and Tips,Why is it important to take breaks while exploring Kathmandu Durbar Square?,"The square is large with many landmarks and attractions to explore, so taking breaks and resting when needed is important. There are plenty of benches and shady spots to sit and rest."
